tourney_id,tourney_name,surface,draw_size,tourney_level,indoor,tourney_date,match_num,winner_id,winner_seed,winner_entry,winner_name,winner_hand,winner_ht,winner_ioc,winner_age,winner_rank,winner_rank_points,loser_id,loser_seed,loser_entry,loser_name,loser_hand,loser_ht,loser_ioc,loser_age,loser_rank,loser_rank_points,score,best_of,round,minutes,w_ace,w_df,w_svpt,w_1stIn,w_1stWon,w_2ndWon,w_SvGms,w_bpSaved,w_bpFaced,l_ace,l_df,l_svpt,l_1stIn,l_1stWon,l_2ndWon,l_SvGms,l_bpSaved,l_bpFaced
2026-3125,Roehampton 2,Hard,32,C,O,20260824,1,L0CF,,,George Loffhagen,R,188,GBR,25.347,493,89,G0AO,3,,Alastair Gray,R,193,GBR,28.172,278,198,6-2 7-6(4),3,R32,102,7,4,60,37,29,14,10,2,3,3,3,71,45,31,10,10,6,9
2026-3125,Roehampton 2,Hard,32,C,O,20260824,2,H0JL,8,,Jay Friend,R,185,JPN,22.672,312,176,GG65,,,Michael Geerts,R,178,BEL,31.6,328,164,6-3 6-4,3,R32,75,7,1,62,41,28,14,10,1,2,1,4,51,23,19,11,9,2,5
2026-3125,Roehampton 2,Hard,32,C,O,20260824,3,B0VF,,,Oliver Bonding,R,193,,19.184,932,23,DC76,,,Viktor Durasovic,R,185,NOR,29.432,435,106,6-3 6-4,3,R32,77,5,2,65,32,24,18,10,2,3,6,2,46,29,17,10,9,3,6
2026-3125,Roehampton 2,Hard,32,C,O,20260824,4,B0NV,,,Patrick Brady,R,188,GBR,21.774,762,38,Z09F,,,Patrick Zahraj,R,191,GER,27.105,407,119,6-3 6-2,3,R32,67,0,1,41,29,21,9,9,2,4,0,8,50,29,15,8,8,2,7
2026-3125,Roehampton 2,Hard,32,C,O,20260824,5,D0D2,,,Alec Deckers,R,193,NED,26.311,550,72,P0B2,,,Luca Potenza,R,175,ITA,26.073,481,92,7-6(6) 6-3,3,R32,93,20,1,62,47,41,6,11,0,1,3,2,67,41,29,12,10,1,3
2026-3125,Roehampton 2,Hard,32,C,O,20260824,6,H0EK,,,Emile Hudd,R,193,GBR,26.242,463,97,A0F3,,,Fabrizio Andaloro,R,185,ITA,25.561,526,79,6-2 4-6 6-3,3,R32,138,4,1,82,57,31,12,14,6,12,4,2,98,59,31,14,13,4,12
2026-3125,Roehampton 2,Hard,32,C,O,20260824,7,M0FA,,,Anton Matusevich,R,185,GBR,25.235,337,160,BU53,,,Constantin Bittoun Kouzmine,L,178,FRA,27.636,421,113,6-3 3-6 6-2,3,R32,113,4,5,83,49,36,18,13,2,5,1,1,79,54,34,12,13,3,8
2026-3125,Roehampton 2,Hard,32,C,O,20260824,8,M0NL,,,Inaki Montes-De La Torre,R,178,ESP,23.89,276,200,B0C0,,,Adrian Boitan,R,185,ROU,27.121,483,91,3-6 6-3 6-3,3,R32,149,6,4,68,45,35,12,13,1,4,7,9,112,69,43,17,14,11,16
2026-3125,Roehampton 2,Hard,32,C,O,20260824,9,R0JW,2,,Michele Ribecai,R,173,ITA,23.551,274,202,C0RO,,,Mark Ceban,,,GBR,17.448,1221,9,6-1 6-2,3,R32,63,4,1,51,35,24,10,8,3,4,0,2,40,25,10,5,7,1,6
2026-3125,Roehampton 2,Hard,32,C,O,20260824,10,MW76,5,,Matteo Martineau,R,183,FRA,27.603,284,195,B0OI,,,Billy Blaydes,,,GBR,22.708,1086,14,6-3 4-6 6-1,3,R32,128,5,0,73,49,37,12,13,4,7,6,2,98,55,35,16,13,10,16
2026-3125,Roehampton 2,Hard,32,C,O,20260824,11,M0ON,7,,Johannus Monday,L,198,GBR,24.586,310,177,R0IL,,,Iliyan Radulov,R,187,BUL,21.202,585,64,6-7(0) 6-4 6-1,3,R32,112,15,1,80,60,46,13,14,1,1,3,4,80,48,36,18,15,2,6
2026-3125,Roehampton 2,Hard,32,C,O,20260824,12,I0BF,,,Ivan Ivanov,R,,BUL,17.815,530,78,PH78,,,Ryan Peniston,L,180,GBR,30.787,443,103,6-0 3-6 6-4,3,R32,120,1,1,81,52,32,17,13,6,9,1,2,80,51,30,13,12,6,11
2026-3125,Roehampton 2,Hard,32,C,O,20260824,13,M0NJ,,,Lui Maxted,R,180,GBR,22.727,373,134,S0NT,,,Anton Shepp,R,185,NZL,23.817,484,91,6-3 6-3,3,R32,88,3,1,65,42,29,16,9,5,5,4,2,58,33,23,11,9,3,6
2026-3125,Roehampton 2,Hard,32,C,O,20260824,14,B0JE,1,,Max Basing,R,180,GBR,23.893,264,212,LI10,,,Christian Langmo,R,191,USA,30.229,461,99,6-3 6-4,3,R32,82,0,3,58,35,28,14,10,0,0,6,1,59,42,28,8,9,4,6
2026-3125,Roehampton 2,Hard,32,C,O,20260824,15,T0GR,,,Oliver Tarvet,R,185,GBR,22.82,346,153,P0DF,4,,Matheus Pucinelli De Almeida,R,183,BRA,25.396,252,219,6-4 6-4,3,R32,108,5,0,59,42,32,9,10,0,1,1,3,70,49,31,9,10,4,7
2026-3125,Roehampton 2,Hard,32,C,O,20260824,16,BV21,6,,Charles Broom,R,178,GBR,28.334,280,197,R0H6,,,Leonardo Rossi,R,180,ITA,24.052,600,62,6-4 6-1,3,R32,71,1,0,44,26,20,12,8,1,2,2,4,53,25,13,11,9,1,6
2026-3125,Roehampton 2,Hard,32,C,O,20260824,17,B0JE,1,,Max Basing,R,180,GBR,23.893,264,212,D0D2,,,Alec Deckers,R,193,NED,26.311,550,72,7-6(3) 0-6 6-4,3,R16,130,1,0,93,63,42,17,14,6,10,9,3,80,45,34,19,14,2,4
2026-3125,Roehampton 2,Hard,32,C,O,20260824,18,R0JW,2,,Michele Ribecai,R,173,ITA,23.551,274,202,M0FA,,,Anton Matusevich,R,185,GBR,25.235,337,160,6-7(3) 6-3 6-3,3,R16,154,3,1,103,63,44,14,15,4,7,10,5,108,62,41,19,15,8,14
2026-3125,Roehampton 2,Hard,32,C,O,20260824,19,H0EK,,,Emile Hudd,R,193,GBR,26.242,463,97,MW76,5,,Matteo Martineau,R,183,FRA,27.603,284,195,4-6 6-3 6-2,3,R16,122,10,2,81,56,39,16,14,3,4,8,2,86,58,43,12,13,7,10
2026-3125,Roehampton 2,Hard,32,C,O,20260824,20,BV21,6,,Charles Broom,R,178,GBR,28.334,280,197,B0NV,,,Patrick Brady,R,188,GBR,21.774,762,38,6-4 6-1,3,R16,75,3,0,60,38,28,12,8,1,1,3,1,47,33,21,8,9,4,8
2026-3125,Roehampton 2,Hard,32,C,O,20260824,21,M0ON,7,,Johannus Monday,L,198,GBR,24.586,310,177,M0NJ,,,Lui Maxted,R,180,GBR,22.727,373,134,1-6 6-3 7-6(2),3,R16,125,11,3,75,47,36,17,14,1,4,10,3,88,65,45,11,14,1,3
2026-3125,Roehampton 2,Hard,32,C,O,20260824,22,M0NL,,,Inaki Montes-De La Torre,R,178,ESP,23.89,276,200,H0JL,8,,Jay Friend,R,185,JPN,22.672,312,176,7-6(8) 6-1,3,R16,109,2,1,72,32,22,28,9,7,7,0,4,68,44,29,10,10,3,6
2026-3125,Roehampton 2,Hard,32,C,O,20260824,23,L0CF,,,George Loffhagen,R,188,GBR,25.347,493,89,I0BF,,,Ivan Ivanov,R,,BUL,17.815,530,78,6-3 6-0,3,R16,68,5,3,37,21,18,9,7,0,1,1,1,53,35,14,7,8,7,13
2026-3125,Roehampton 2,Hard,32,C,O,20260824,24,T0GR,,,Oliver Tarvet,R,185,GBR,22.82,346,153,B0VF,,,Oliver Bonding,R,193,,19.184,932,23,6-4 6-0,3,R16,86,3,0,47,27,20,15,8,1,1,3,1,46,27,18,6,8,3,7
2026-3125,Roehampton 2,Hard,32,C,O,20260824,25,BV21,6,,Charles Broom,R,178,GBR,28.334,280,197,B0JE,1,,Max Basing,R,180,GBR,23.893,264,212,6-4 6-2,3,QF,100,3,1,67,44,31,12,9,8,9,0,0,61,42,22,11,9,3,7
2026-3125,Roehampton 2,Hard,32,C,O,20260824,26,T0GR,,,Oliver Tarvet,R,185,GBR,22.82,346,153,H0EK,,,Emile Hudd,R,193,GBR,26.242,463,97,6-2 6-4,3,QF,103,5,0,59,42,30,8,9,5,7,3,3,57,39,20,6,9,3,8
2026-3125,Roehampton 2,Hard,32,C,O,20260824,27,R0JW,2,,Michele Ribecai,R,173,ITA,23.551,274,202,M0ON,7,,Johannus Monday,L,198,GBR,24.586,310,177,6-3 6-4,3,QF,77,6,0,47,32,29,11,10,0,0,4,0,53,39,26,8,9,3,5
2026-3125,Roehampton 2,Hard,32,C,O,20260824,28,L0CF,,,George Loffhagen,R,188,GBR,25.347,493,89,M0NL,,,Inaki Montes-De La Torre,R,178,ESP,23.89,276,200,6-3 6-4,3,QF,96,7,2,57,33,24,17,10,2,2,2,2,60,39,25,11,9,2,4
2026-3125,Roehampton 2,Hard,32,C,O,20260824,29,L0CF,,,George Loffhagen,R,188,GBR,25.347,493,89,R0JW,2,,Michele Ribecai,R,173,ITA,23.551,274,202,6-2 6-2,3,SF,72,7,0,43,21,17,16,8,1,1,0,1,58,34,20,10,8,2,6
2026-3125,Roehampton 2,Hard,32,C,O,20260824,30,BV21,6,,Charles Broom,R,178,GBR,28.334,280,197,T0GR,,,Oliver Tarvet,R,185,GBR,22.82,346,153,6-4 5-7 6-1,3,SF,173,5,2,96,63,41,20,15,2,4,6,3,98,53,38,20,14,12,16
2026-3125,Roehampton 2,Hard,32,C,O,20260824,31,L0CF,,,George Loffhagen,R,188,GBR,25.347,493,89,BV21,6,,Charles Broom,R,178,GBR,28.334,280,197,7-5 6-3,3,F,77,11,0,46,27,25,15,10,0,0,0,1,58,38,26,10,11,0,3
2026-3129,Kingston 2,Hard,32,C,O,20260824,1,P0J1,4,,Rodrigo Pacheco Mendez,L,191,MEX,21.331,289,190,J0A4,,,Paul Jubb,R,180,GBR,26.815,488,90,6-4 6-4,3,R32,104,8,4,65,39,30,15,10,4,4,3,1,54,39,28,8,10,1,3
2026-3129,Kingston 2,Hard,32,C,O,20260824,2,FA43,8,,Juan Pablo Ficovich,R,188,ARG,29.58,378,131,Z09K,,,Evan Zhu,R,185,USA,28.025,564,69,7-6(8) 4-6 6-2,3,R32,164,7,7,93,55,44,17,15,6,9,1,8,114,62,39,25,15,10,14
2026-3129,Kingston 2,Hard,32,C,O,20260824,3,C0GG,,,Keshav Chopra,R,183,USA,24.832,769,38,B0PW,,,Kaylan Bigun,L,183,USA,20.255,609,60,2-6 6-3 6-3,3,R32,151,5,2,99,58,38,22,13,7,10,1,5,82,43,28,23,13,7,11
2026-3129,Kingston 2,Hard,32,C,O,20260824,4,FA50,,,Thomas Fancutt,R,188,AUS,31.493,787,35,P0C1,,,Karl Poling,L,185,USA,27.055,529,78,6-4 6-3,3,R32,78,11,2,44,31,27,9,9,0,0,2,0,64,51,30,9,10,2,5
2026-3129,Kingston 2,Hard,32,C,O,20260824,5,G0G2,,,Mario Gonzalez Fernandez,R,185,ESP,24.323,605,61,KC12,,,Mitchell Krueger,R,188,USA,32.613,353,148,7-6(5) 7-5,3,R32,152,1,2,83,57,34,13,12,4,8,4,10,95,51,34,14,12,7,12
2026-3129,Kingston 2,Hard,32,C,O,20260824,6,J0B5,,,Garrett Johns,R,180,USA,25.684,403,120,K0HZ,,,Aidan Kim,R,191,USA,21.747,579,65,6-7(1) 6-3 6-2,3,R32,170,8,3,100,48,31,35,15,5,5,11,7,95,46,32,27,14,7,10
2026-3129,Kingston 2,Hard,32,C,O,20260824,7,M09M,,,Ivan Marrero Curbelo,R,180,ESP,27.907,350,151,B0I5,,,Blaise Bicknell,R,191,JAM,24.742,381,130,3-6 7-5 6-2,3,R32,138,0,9,85,57,39,15,14,5,8,8,3,95,65,41,13,15,6,11
2026-3129,Kingston 2,Hard,32,C,O,20260824,8,M0NB,,,Aidan Mayo,R,183,USA,23.28,574,66,F0I8,,,Matthew Forbes,,,USA,20.383,753,39,7-5 7-5,3,R32,108,6,1,66,44,30,16,12,4,6,3,7,77,45,31,12,12,5,9
2026-3129,Kingston 2,Hard,32,C,O,20260824,9,S0IV,,,Paulo Andre Saraiva Dos Santos,R,180,BRA,26.168,513,84,H0CD,,,Alex Hernandez,R,175,MEX,27.17,460,99,6-1 6-4,3,R32,72,15,3,48,32,26,8,9,0,1,0,3,44,24,13,10,8,3,7
2026-3129,Kingston 2,Hard,32,C,O,20260824,10,T0I3,,,Miguel Tobon,R,188,COL,20.181,499,87,F0BP,,,Pietro Fellin,R,193,ITA,25.06,577,66,6-2 6-1,3,R32,70,0,2,42,27,23,10,8,0,0,0,3,45,21,13,8,7,3,7
2026-3129,Kingston 2,Hard,32,C,O,20260824,11,AG08,2,,Andy Andrade,R,180,ECU,27.693,241,229,W0C4,,,Edward Winter,R,178,AUS,21.938,339,159,6-4 7-6(5),3,R32,138,1,4,73,42,29,10,11,4,8,3,1,68,39,20,15,11,3,8
2026-3129,Kingston 2,Hard,32,C,O,20260824,12,F0CK,,,Andrew Fenty,R,193,USA,26.461,413,116,G0DH,3,,Alvaro Guillen Meza,R,175,ECU,23.641,277,199,7-5 6-4,3,R32,121,9,6,80,50,36,13,11,7,9,3,5,61,37,24,13,11,2,6
2026-3129,Kingston 2,Hard,32,C,O,20260824,13,M0WY,,,Luis Miguel,,,,,840,30,Z0AK,7,,Tyler Zink,R,185,USA,25.563,323,168,6-4 6-2,3,R32,76,4,1,49,31,27,8,9,3,4,1,0,53,34,19,10,9,1,5
2026-3129,Kingston 2,Hard,32,C,O,20260824,14,W0FH,,,Benjamin Willwerth,R,191,USA,19.14,1205,10,C0N2,,,John Chin,L,183,JAM,22.94,,,6-4 6-4,3,R32,112,5,1,81,55,39,12,10,8,9,1,3,68,33,23,16,10,4,7
2026-3129,Kingston 2,Hard,32,C,O,20260824,15,PH71,,,Max Purcell,R,185,AUS,28.392,926,23,RD48,5,,Igor Marcondes,L,185,BRA,29.188,302,181,6-4 6-2,3,R32,67,5,1,50,31,24,13,9,0,0,9,2,45,26,20,9,9,2,5
2026-3129,Kingston 2,Hard,32,C,O,20260824,16,M0NP,6,,Andres Martin,R,183,USA,25.131,320,170,BO10,,,Gijs Brouwer,L,191,NED,30.445,884,26,5-7 7-6(3) 6-0,3,R32,148,9,2,102,61,46,20,15,6,8,0,5,92,51,33,20,15,2,6
2026-3129,Kingston 2,Hard,32,C,O,20260824,17,AG08,2,,Andy Andrade,R,180,ECU,27.693,241,229,M09M,,,Ivan Marrero Curbelo,R,180,ESP,27.907,350,151,6-4 6-2,3,R16,86,1,3,54,25,20,16,9,3,4,0,4,56,39,26,4,9,6,10
2026-3129,Kingston 2,Hard,32,C,O,20260824,18,F0CK,,,Andrew Fenty,R,193,USA,26.461,413,116,C0GG,,,Keshav Chopra,R,183,USA,24.832,769,38,6-2 6-3,3,R16,91,1,0,50,38,28,9,9,0,0,0,2,54,35,24,7,8,3,6
2026-3129,Kingston 2,Hard,32,C,O,20260824,19,T0I3,,,Miguel Tobon,R,188,COL,20.181,499,87,FA43,8,,Juan Pablo Ficovich,R,188,ARG,29.58,378,131,6-3 6-1,3,R16,71,1,3,50,27,22,14,8,2,2,0,1,48,23,11,12,8,3,7
2026-3129,Kingston 2,Hard,32,C,O,20260824,20,P0J1,4,,Rodrigo Pacheco Mendez,L,191,MEX,21.331,289,190,G0G2,,,Mario Gonzalez Fernandez,R,185,ESP,24.323,605,61,6-3 6-3,3,R16,108,2,1,48,28,22,12,9,0,1,0,2,70,52,29,7,9,6,10
2026-3129,Kingston 2,Hard,32,C,O,20260824,21,M0NP,6,,Andres Martin,R,183,USA,25.131,320,170,S0IV,,,Paulo Andre Saraiva Dos Santos,R,180,BRA,26.168,513,84,5-7 6-3 6-4,3,R16,218,3,4,121,72,45,23,16,13,18,2,5,89,49,33,17,15,2,8
2026-3129,Kingston 2,Hard,32,C,O,20260824,22,M0NB,,,Aidan Mayo,R,183,USA,23.28,574,66,W0FH,,,Benjamin Willwerth,R,191,USA,19.14,1205,10,6-4 2-6 6-4,3,R16,148,11,9,102,63,44,18,14,7,10,4,1,93,53,40,18,14,6,9
2026-3129,Kingston 2,Hard,32,C,O,20260824,23,M0WY,,,Luis Miguel,,,,,840,30,FA50,,,Thomas Fancutt,R,188,AUS,31.493,787,35,6-2 6-3,3,R16,68,0,5,50,24,21,15,9,0,1,1,7,48,20,15,9,8,2,6
2026-3129,Kingston 2,Hard,32,C,O,20260824,24,PH71,,,Max Purcell,R,185,AUS,28.392,926,23,J0B5,,,Garrett Johns,R,180,USA,25.684,403,120,6-2 6-2,3,R16,79,6,4,53,28,22,16,8,6,6,1,3,53,30,18,9,8,4,8
2026-3129,Kingston 2,Hard,32,C,O,20260824,25,AG08,2,,Andy Andrade,R,180,ECU,27.693,241,229,PH71,,,Max Purcell,R,185,AUS,28.392,926,23,6-3 6-3,3,QF,82,1,3,53,31,25,12,9,6,7,2,3,55,26,15,14,9,3,7
2026-3129,Kingston 2,Hard,32,C,O,20260824,26,M0WY,,,Luis Miguel,,,,,840,30,F0CK,,,Andrew Fenty,R,193,USA,26.461,413,116,7-5 7-5,3,QF,124,4,4,80,45,32,11,12,7,12,2,3,77,56,23,12,12,5,12
2026-3129,Kingston 2,Hard,32,C,O,20260824,27,P0J1,4,,Rodrigo Pacheco Mendez,L,191,MEX,21.331,289,190,T0I3,,,Miguel Tobon,R,188,COL,20.181,499,87,6-2 6-4,3,QF,77,10,0,39,27,26,10,9,0,0,4,0,68,46,26,12,9,9,12
2026-3129,Kingston 2,Hard,32,C,O,20260824,28,M0NB,,,Aidan Mayo,R,183,USA,23.28,574,66,M0NP,6,,Andres Martin,R,183,USA,25.131,320,170,6-4 6-4,3,QF,113,4,2,75,47,35,15,10,4,4,2,1,59,41,27,11,10,3,5
2026-3129,Kingston 2,Hard,32,C,O,20260824,29,AG08,2,,Andy Andrade,R,180,ECU,27.693,241,229,P0J1,4,,Rodrigo Pacheco Mendez,L,191,MEX,21.331,289,190,6-3 3-6 6-4,3,SF,122,6,1,77,48,35,18,14,3,5,5,3,99,64,42,17,14,7,10
2026-3129,Kingston 2,Hard,32,C,O,20260824,30,M0NB,,,Aidan Mayo,R,183,USA,23.28,574,66,M0WY,,,Luis Miguel,,,,,840,30,6-3 6-4,3,SF,91,0,6,64,30,25,18,10,2,2,1,2,59,41,28,6,9,5,7
2026-8266,Augsburg,Clay,32,C,O,20260824,1,K0FY,2,,Martin Krumich,R,188,CZE,23.661,260,214,S0LA,,,Dominic Stricker,L,183,SUI,24.022,266,211,6-2 6-3,3,R32,64,5,2,45,28,22,12,8,1,1,3,4,51,30,20,6,9,2,6
2026-8266,Augsburg,Clay,32,C,O,20260824,2,K0CJ,8,,Sandro Kopp,R,185,AUT,26.245,294,188,R09V,,,Eduardo Ribeiro,R,178,BRA,28.438,361,140,6-1 6-7(4) 6-1,3,R32,114,2,1,91,64,42,18,14,4,6,2,0,78,55,34,10,12,5,11
2026-8266,Augsburg,Clay,32,C,O,20260824,3,D0CN,,,Miguel Damas,R,208,ESP,26.675,311,177,T0FI,,,Marko Topo,R,185,GER,22.946,336,160,6-3 6-4,3,R32,92,1,0,54,42,29,6,10,2,5,1,11,62,30,18,12,9,2,7
2026-8266,Augsburg,Clay,32,C,O,20260824,4,W712,,,Kai Wehnelt,R,188,GER,30.741,604,61,H0A4,7,,Nick Hardt,R,185,DOM,25.925,275,200,2-6 6-3 6-2,3,R32,114,10,2,86,52,40,17,13,4,6,2,5,70,52,35,8,12,2,5
2026-8266,Augsburg,Clay,32,C,O,20260824,5,B0LW,,,Mika Brunold,R,191,SUI,21.892,419,113,P0MG,,,Raphael Perot,R,175,FRA,25.15,371,136,6-3 6-4,3,R32,91,1,2,59,35,25,13,10,2,4,1,1,51,28,14,14,9,2,6
2026-8266,Augsburg,Clay,32,C,O,20260824,6,L0GR,,,Juan Manuel La Serna,L,188,ARG,22.549,279,197,HG94,,,Benjamin Hassan,R,183,LBN,31.551,414,115,6-2 3-6 7-5,3,R32,135,3,5,105,68,46,19,14,11,13,7,4,107,61,44,21,15,8,12
2026-8266,Augsburg,Clay,32,C,O,20260824,7,MN20,,,Daniel Masur,R,183,GER,31.797,391,125,B0OV,,,Petr Brunclik,L,188,CZE,20.104,358,142,6-4 6-4,3,R32,87,5,1,56,36,27,9,10,1,3,3,7,67,32,21,15,10,3,7
2026-8266,Augsburg,Clay,32,C,O,20260824,8,S0EK,3,,Matias Soto,R,170,CHI,27.326,259,214,K0DP,,,Oleksii Krutykh,R,185,UKR,26.456,446,103,6-3 6-4,3,R32,73,5,0,49,26,22,15,10,0,1,4,3,58,33,24,10,9,6,9
2026-8266,Augsburg,Clay,32,C,O,20260824,9,G0J9,,,Svyatoslav Gulin,R,178,RUS,23.721,615,59,H0HN,,,Henri Haupt,R,193,GER,20.246,,,6-3 6-2,3,R32,68,2,0,48,29,24,11,9,1,2,1,5,66,39,22,12,8,7,11
2026-8266,Augsburg,Clay,32,C,O,20260824,10,M0BN,,,Marvin Moeller,R,178,GER,27.598,271,205,F0HO,,,Thomas Faurel,R,178,FRA,20.589,347,153,6-1 6-3,3,R32,91,3,3,63,36,21,17,8,5,6,1,0,64,35,19,11,8,8,13
2026-8266,Augsburg,Clay,32,C,O,20260824,11,S0R2,,,Benito Sanchez Martinez,L,185,GER,24.318,1225,9,DC48,,,Murkel Dellien,R,193,BOL,28.936,367,138,6-2 6-4,3,R32,111,2,2,63,41,30,10,9,3,4,2,0,69,51,28,6,9,4,8
2026-8266,Augsburg,Clay,32,C,O,20260824,12,C0B2,5,,Cezar Cretu,R,188,ROU,25.333,286,194,M0XQ,,,Niels McDonald,R,191,GER,18.576,480,92,6-2 6-0,3,R32,70,6,1,48,30,20,11,7,2,3,3,1,53,29,14,6,7,4,10
2026-8266,Augsburg,Clay,32,C,O,20260824,13,MJ98,,,Facundo Mena,R,183,ARG,33.919,342,157,R0ED,,,Max Hans Rehberg,R,183,GER,22.946,313,176,6-4 6-4,3,R32,87,4,0,54,31,24,16,10,2,3,5,0,64,40,30,7,10,4,7
2026-8266,Augsburg,Clay,32,C,O,20260824,14,E0DI,,,Juan Estevez,R,170,ARG,20.92,354,147,N0DB,1,,Andrej Nedic,R,185,BIH,21.854,251,220,2-6 6-4 6-3,3,R32,142,2,1,107,72,40,20,13,10,14,3,2,91,48,28,22,14,4,9
2026-8266,Augsburg,Clay,32,C,O,20260824,15,S0VU,,,Max Schoenhaus,R,180,GER,19.064,315,174,P0GQ,4,,Mili Poljicak,R,185,CRO,22.114,262,213,6-4 6-3,3,R32,93,1,0,57,33,25,18,9,4,4,5,2,82,47,30,16,10,7,10
2026-8266,Augsburg,Clay,32,C,O,20260824,16,B0OU,6,,Hynek Barton,R,183,CZE,22.385,270,210,HB48,,,Calvin Hemery,R,191,FRA,31.57,322,168,7-5 7-5,3,R32,97,6,3,66,36,33,14,12,0,1,5,6,74,50,34,12,12,7,10
2026-8266,Augsburg,Clay,32,C,O,20260824,17,K0FY,2,,Martin Krumich,R,188,CZE,23.661,260,214,G0J9,,,Svyatoslav Gulin,R,178,RUS,23.721,615,59,4-6 6-4 6-1,3,R16,167,2,2,81,42,30,25,13,5,6,6,1,98,53,36,24,14,7,11
2026-8266,Augsburg,Clay,32,C,O,20260824,18,M0BN,,,Marvin Moeller,R,178,GER,27.598,271,205,S0EK,3,,Matias Soto,R,170,CHI,27.326,259,214,6-3 7-6(6),3,R16,95,9,2,64,36,32,15,11,0,1,6,5,69,39,31,13,10,4,6
2026-8266,Augsburg,Clay,32,C,O,20260824,19,C0B2,5,,Cezar Cretu,R,188,ROU,25.333,286,194,D0CN,,,Miguel Damas,R,208,ESP,26.675,311,177,7-6(4) 7-6(5),3,R16,159,8,2,96,58,35,21,12,8,12,0,3,84,53,31,16,12,3,7
2026-8266,Augsburg,Clay,32,C,O,20260824,20,MN20,,,Daniel Masur,R,183,GER,31.797,391,125,S0VU,,,Max Schoenhaus,R,180,GER,19.064,315,174,6-7(0) 6-4 6-4,3,R16,141,9,6,121,67,51,24,16,5,7,14,3,84,46,37,22,16,1,5
2026-8266,Augsburg,Clay,32,C,O,20260824,21,MJ98,,,Facundo Mena,R,183,ARG,33.919,342,157,W712,,,Kai Wehnelt,R,188,GER,30.741,604,61,7-6(4) 7-5,3,R16,120,8,3,76,48,39,16,12,1,2,8,1,94,56,39,18,12,9,11
2026-8266,Augsburg,Clay,32,C,O,20260824,22,S0R2,,,Benito Sanchez Martinez,L,185,GER,24.318,1225,9,E0DI,,,Juan Estevez,R,170,ARG,20.92,354,147,6-3 6-4,3,R16,75,7,1,50,33,28,13,10,2,2,1,1,63,41,24,14,9,2,4
2026-8266,Augsburg,Clay,32,C,O,20260824,23,B0OU,6,,Hynek Barton,R,183,CZE,22.385,270,210,L0GR,,,Juan Manuel La Serna,L,188,ARG,22.549,279,197,1-6 7-5 6-2,3,R16,109,7,4,68,35,24,19,13,0,3,0,3,88,67,44,10,14,7,11
2026-8266,Augsburg,Clay,32,C,O,20260824,24,K0CJ,8,,Sandro Kopp,R,185,AUT,26.245,294,188,B0LW,,,Mika Brunold,R,191,SUI,21.892,419,113,7-6(3) 6-4,3,R16,113,3,2,76,54,39,14,11,1,2,3,3,85,57,37,14,11,4,6
2026-8266,Augsburg,Clay,32,C,O,20260824,25,C0B2,5,,Cezar Cretu,R,188,ROU,25.333,286,194,M0BN,,,Marvin Moeller,R,178,GER,27.598,271,205,6-4 6-3,3,QF,93,2,2,65,40,28,15,10,3,4,3,4,53,29,21,9,9,2,5
2026-8266,Augsburg,Clay,32,C,O,20260824,26,K0CJ,8,,Sandro Kopp,R,185,AUT,26.245,294,188,K0FY,2,,Martin Krumich,R,188,CZE,23.661,260,214,6-2 6-4,3,QF,80,2,1,49,31,26,12,9,3,3,5,2,52,33,22,8,9,2,5
2026-8266,Augsburg,Clay,32,C,O,20260824,27,S0R2,,,Benito Sanchez Martinez,L,185,GER,24.318,1225,9,B0OU,6,,Hynek Barton,R,183,CZE,22.385,270,210,6-4 6-3,3,QF,82,2,1,54,38,29,10,9,3,3,2,3,62,34,24,12,10,4,7
2026-8266,Augsburg,Clay,32,C,O,20260824,28,MJ98,,,Facundo Mena,R,183,ARG,33.919,342,157,MN20,,,Daniel Masur,R,183,GER,31.797,391,125,7-6(3) 6-1,3,QF,83,8,0,57,43,37,8,10,0,0,0,4,60,33,25,12,9,3,5
2026-8266,Augsburg,Clay,32,C,O,20260824,29,C0B2,5,,Cezar Cretu,R,188,ROU,25.333,286,194,K0CJ,8,,Sandro Kopp,R,185,AUT,26.245,294,188,6-3 7-5,3,SF,98,4,1,71,49,34,17,11,1,1,1,1,66,48,31,11,10,6,8
2026-8266,Augsburg,Clay,32,C,O,20260824,30,MJ98,,,Facundo Mena,R,183,ARG,33.919,342,157,S0R2,,,Benito Sanchez Martinez,L,185,GER,24.318,1225,9,4-6 6-4 7-6(6),3,SF,168,7,5,112,71,55,23,16,6,7,4,6,118,85,61,15,16,5,6
2026-8266,Augsburg,Clay,32,C,O,20260824,31,C0B2,5,,Cezar Cretu,R,188,ROU,25.333,286,194,MJ98,,,Facundo Mena,R,183,ARG,33.919,342,157,6-2 6-0,3,F,58,3,0,40,30,24,6,7,2,2,2,5,47,30,13,7,7,7,12
